{"stats":{"minecraft:used":{"jujutsucraft:sword_black":5,"jujutsucraft:uniform_normal_boots":1,"minecraft:white_wool":1,"jujutsucraft:clothes_hakari_kinji_helmet":1,"minecraft:shears":1,"jujutsucraft:uniform_normal_chestplate":1,"jujutsucraft:clothes_hakari_kinji_leggings":1,"jujutsucraft:uniform_normal_leggings":1},"minecraft:crafted":{"minecraft:oak_planks":20,"minecraft:crafting_table":1},"minecraft:custom":{"minecraft:mob_kills":119,"minecraft:interact_with_crafting_table":1,"minecraft:damage_dealt_resisted":18325,"minecraft:leave_game":1,"minecraft:time_since_death":2555,"minecraft:damage_resisted":8281,"minecraft:time_since_rest":2637,"minecraft:sprint_one_cm":477738,"minecraft:damage_taken":14424,"minecraft:walk_one_cm":477472,"minecraft:drop":14,"minecraft:damage_dealt":6194,"minecraft:swim_one_cm":676,"minecraft:fly_one_cm":422285,"minecraft:player_kills":5,"minecraft:crouch_one_cm":240,"minecraft:play_time":127030,"minecraft:deaths":27,"minecraft:sneak_time":44,"minecraft:walk_under_water_one_cm":7680,"minecraft:jump":1105,"minecraft:walk_on_water_one_cm":12498,"minecraft:total_world_time":127030,"minecraft:fall_one_cm":42548},"minecraft:killed_by":{"jujutsucraft:cursed_spirit_grade_36":1,"jujutsucraft:cursed_spirit_grade_38":1,"minecraft:player":2,"jujutsucraft:cursed_spirit_grade_16":1,"jujutsucraft:cursed_spirit_grade_11":1,"jujutsucraft:charles_bernard":1,"jujutsucraft:uraume":1,"jujutsucraft:moon_dregs":8,"jujutsucraft:dhruv_lakdawalla":2,"jujutsucraft:mechamaru":1,"jujutsucraft:cursed_spirit_grade_22":1,"jujutsucraft:fushiguro_toji_bug":1,"jujutsucraft:cursed_spirit_grade_29":1,"jujutsucraft:curse_user":2,"jujutsucraft:cursed_spirit_grade_23":2},"minecraft:mined":{"minecraft:grass_block":1,"minecraft:tall_grass":5,"minecraft:grass":19,"minecraft:oak_log":5,"minecraft:dirt":2},"minecraft:killed":{"jujutsucraft:cursed_spirit_grade_32":5,"jujutsucraft:cursed_spirit_grade_31":2,"jujutsucraft:cursed_spirit_grade_33":7,"minecraft:pig":4,"jujutsucraft:kukuru":1,"jujutsucraft:nanako":2,"jujutsucraft:cursed_spirit_grade_318":9,"jujutsucraft:cursed_spirit_grade_316":6,"jujutsucraft:curse_user":6,"jujutsucraft:cursed_spirit_grade_321":1,"minecraft:sheep":7,"jujutsucraft:cursed_spirit_grade_39":5,"jujutsucraft:cursed_spirit_grade_312":1,"jujutsucraft:cursed_spirit_grade_314":7,"minecraft:chicken":2,"minecraft:llama":2,"jujutsucraft:cursed_spirit_grade_36":8,"jujutsucraft:cursed_spirit_grade_23":1,"jujutsucraft:cursed_spirit_grade_317":7,"jujutsucraft:cursed_spirit_grade_315":11,"jujutsucraft:cursed_spirit_grade_34":5,"jujutsucraft:cursed_spirit_grade_319":6,"jujutsucraft:cursed_spirit_grade_322":2,"jujutsucraft:q":1,"minecraft:cow":6},"minecraft:picked_up":{"minecraft:wooden_axe":2,"minecraft:crafting_table":4,"jujutsucraft:clothes_hakari_kinji_boots":3,"minecraft:feather":23,"minecraft:chicken":34,"minecraft:leather":4,"jujutsucraft:uniform_normal_boots":7,"minecraft:oak_log":5,"jujutsucraft:bullet_ball":10,"minecraft:dirt":8,"jujutsucraft:uniform_normal_leggings":5,"jujutsucraft:clothes_hakari_kinji_helmet":3,"jujutsucraft:clothes_hakari_kinji_chestplate":5,"minecraft:wheat_seeds":14,"jujutsucraft:sword_black":6,"minecraft:beef":14,"minecraft:tall_grass":3,"minecraft:oak_planks":7,"jujutsucraft:clothes_hakari_kinji_leggings":2,"minecraft:stick":6,"minecraft:porkchop":24,"jujutsucraft:uniform_normal_chestplate":7,"jujutsucraft:cursed_spirit_armoury_chestplate":5,"jujutsucraft:clothes_fushiguro_toji_leggings":2,"minecraft:shears":1,"minecraft:crossbow":1,"jujutsucraft:clothes_sukuna_fushiguro_chestplate":10,"minecraft:mutton":12,"minecraft:white_wool":9},"minecraft:dropped":{"jujutsucraft:clothes_sukuna_fushiguro_chestplate":7,"minecraft:chicken":1,"jujutsucraft:uniform_normal_chestplate":1,"jujutsucraft:clothes_fushiguro_toji_leggings":1,"jujutsucraft:bullet_ball":4}},"DataVersion":3465}