{"stats":{"minecraft:used":{"jujutsucraft:sword_black":5,"jujutsucraft:uniform_normal_boots":1,"minecraft:white_wool":1,"jujutsucraft:clothes_hakari_kinji_helmet":1,"jujutsucraft:uniform_normal_chestplate":1,"jujutsucraft:clothes_hakari_kinji_leggings":1,"jujutsucraft:uniform_normal_leggings":1},"minecraft:crafted":{"minecraft:oak_planks":20,"minecraft:crafting_table":1},"minecraft:custom":{"minecraft:mob_kills":69,"minecraft:damage_dealt_resisted":8498,"minecraft:leave_game":1,"minecraft:time_since_death":4901,"minecraft:damage_resisted":3436,"minecraft:time_since_rest":4928,"minecraft:sprint_one_cm":257296,"minecraft:damage_taken":6976,"minecraft:walk_one_cm":267530,"minecraft:drop":13,"minecraft:damage_dealt":1562,"minecraft:swim_one_cm":676,"minecraft:fly_one_cm":186171,"minecraft:player_kills":3,"minecraft:crouch_one_cm":240,"minecraft:play_time":91792,"minecraft:deaths":13,"minecraft:sneak_time":38,"minecraft:walk_under_water_one_cm":2441,"minecraft:jump":595,"minecraft:walk_on_water_one_cm":9292,"minecraft:total_world_time":91792,"minecraft:fall_one_cm":18674},"minecraft:killed_by":{"jujutsucraft:cursed_spirit_grade_36":1,"jujutsucraft:cursed_spirit_grade_38":1,"jujutsucraft:uraume":1,"jujutsucraft:moon_dregs":4,"jujutsucraft:dhruv_lakdawalla":2,"jujutsucraft:cursed_spirit_grade_22":1,"jujutsucraft:fushiguro_toji_bug":1,"jujutsucraft:curse_user":2},"minecraft:mined":{"minecraft:grass_block":1,"minecraft:tall_grass":5,"minecraft:grass":9,"minecraft:oak_log":5,"minecraft:dirt":2},"minecraft:killed":{"jujutsucraft:cursed_spirit_grade_32":2,"jujutsucraft:cursed_spirit_grade_33":6,"minecraft:pig":4,"jujutsucraft:kukuru":1,"jujutsucraft:cursed_spirit_grade_318":6,"jujutsucraft:cursed_spirit_grade_316":1,"jujutsucraft:curse_user":2,"jujutsucraft:cursed_spirit_grade_321":1,"minecraft:sheep":7,"jujutsucraft:cursed_spirit_grade_39":2,"jujutsucraft:cursed_spirit_grade_312":1,"jujutsucraft:cursed_spirit_grade_314":1,"minecraft:chicken":1,"minecraft:llama":2,"jujutsucraft:cursed_spirit_grade_36":5,"jujutsucraft:cursed_spirit_grade_317":4,"jujutsucraft:cursed_spirit_grade_315":9,"jujutsucraft:cursed_spirit_grade_319":3,"jujutsucraft:q":1,"minecraft:cow":6},"minecraft:picked_up":{"minecraft:wooden_axe":2,"minecraft:crafting_table":4,"jujutsucraft:clothes_hakari_kinji_boots":3,"minecraft:feather":23,"minecraft:chicken":33,"minecraft:leather":4,"jujutsucraft:uniform_normal_boots":6,"minecraft:oak_log":5,"jujutsucraft:bullet_ball":6,"minecraft:dirt":8,"jujutsucraft:uniform_normal_leggings":5,"jujutsucraft:clothes_hakari_kinji_helmet":3,"jujutsucraft:clothes_hakari_kinji_chestplate":5,"minecraft:wheat_seeds":14,"jujutsucraft:sword_black":6,"minecraft:beef":14,"minecraft:tall_grass":2,"minecraft:oak_planks":7,"jujutsucraft:clothes_hakari_kinji_leggings":2,"minecraft:stick":6,"minecraft:porkchop":24,"jujutsucraft:uniform_normal_chestplate":6,"jujutsucraft:cursed_spirit_armoury_chestplate":5,"jujutsucraft:clothes_fushiguro_toji_leggings":2,"jujutsucraft:clothes_sukuna_fushiguro_chestplate":10,"minecraft:mutton":12,"minecraft:white_wool":9},"minecraft:dropped":{"jujutsucraft:clothes_sukuna_fushiguro_chestplate":7,"minecraft:chicken":1,"jujutsucraft:uniform_normal_chestplate":1,"jujutsucraft:clothes_fushiguro_toji_leggings":1,"jujutsucraft:bullet_ball":3}},"DataVersion":3465}