{"stats":{"minecraft:used":{"jujutsucraft:clothes_hakari_kinji_helmet":1,"jujutsucraft:uniform_normal_leggings":1,"jujutsucraft:uniform_normal_boots":1,"jujutsucraft:uniform_normal_chestplate":1,"jujutsucraft:clothes_hakari_kinji_leggings":1},"minecraft:killed_by":{"jujutsucraft:cursed_spirit_grade_38":1,"jujutsucraft:fushiguro_toji_bug":1},"minecraft:custom":{"minecraft:time_since_rest":1298,"minecraft:crouch_one_cm":162,"minecraft:play_time":7343,"minecraft:sprint_one_cm":25912,"minecraft:deaths":2,"minecraft:damage_taken":916,"minecraft:walk_one_cm":46044,"minecraft:sneak_time":19,"minecraft:mob_kills":13,"minecraft:damage_dealt_resisted":1617,"minecraft:jump":49,"minecraft:damage_dealt":140,"minecraft:walk_on_water_one_cm":2377,"minecraft:time_since_death":1276,"minecraft:total_world_time":7343,"minecraft:damage_resisted":203,"minecraft:fall_one_cm":753,"minecraft:fly_one_cm":15285},"minecraft:killed":{"jujutsucraft:cursed_spirit_grade_36":2,"jujutsucraft:cursed_spirit_grade_33":1,"jujutsucraft:cursed_spirit_grade_314":1,"jujutsucraft:cursed_spirit_grade_318":4,"jujutsucraft:cursed_spirit_grade_315":1,"minecraft:pig":1,"jujutsucraft:cursed_spirit_grade_319":2,"jujutsucraft:cursed_spirit_grade_321":1},"minecraft:picked_up":{"jujutsucraft:uniform_normal_leggings":2,"jujutsucraft:clothes_hakari_kinji_leggings":2,"minecraft:feather":4,"jujutsucraft:clothes_hakari_kinji_helmet":2,"jujutsucraft:clothes_hakari_kinji_boots":2,"jujutsucraft:clothes_hakari_kinji_chestplate":2,"minecraft:chicken":4,"jujutsucraft:uniform_normal_boots":3,"minecraft:wheat_seeds":3,"jujutsucraft:sword_black":3,"minecraft:porkchop":6,"jujutsucraft:uniform_normal_chestplate":2,"minecraft:tall_grass":2,"jujutsucraft:cursed_spirit_armoury_chestplate":2}},"DataVersion":3465}