{"stats":{"minecraft:used":{"jujutsucraft:sword_black":5,"jujutsucraft:uniform_normal_boots":1,"minecraft:white_wool":1,"jujutsucraft:clothes_hakari_kinji_leggings":1,"jujutsucraft:clothes_hakari_kinji_helmet":1,"jujutsucraft:uniform_normal_leggings":1,"jujutsucraft:uniform_normal_chestplate":1},"minecraft:crafted":{"minecraft:oak_planks":20,"minecraft:crafting_table":1},"minecraft:killed_by":{"jujutsucraft:cursed_spirit_grade_36":1,"jujutsucraft:cursed_spirit_grade_38":1,"jujutsucraft:fushiguro_toji_bug":1,"jujutsucraft:uraume":1,"jujutsucraft:dhruv_lakdawalla":2,"jujutsucraft:moon_dregs":2,"jujutsucraft:curse_user":2,"jujutsucraft:cursed_spirit_grade_22":1},"minecraft:custom":{"minecraft:time_since_rest":1209,"minecraft:sprint_one_cm":207099,"minecraft:damage_taken":5132,"minecraft:walk_one_cm":194534,"minecraft:mob_kills":66,"minecraft:drop":12,"minecraft:damage_dealt":1208,"minecraft:player_kills":1,"minecraft:swim_one_cm":676,"minecraft:fly_one_cm":136378,"minecraft:crouch_one_cm":240,"minecraft:play_time":79343,"minecraft:deaths":11,"minecraft:sneak_time":28,"minecraft:walk_under_water_one_cm":2441,"minecraft:jump":493,"minecraft:damage_dealt_resisted":6700,"minecraft:time_since_death":1184,"minecraft:walk_on_water_one_cm":9292,"minecraft:total_world_time":79343,"minecraft:damage_resisted":2289,"minecraft:fall_one_cm":10997},"minecraft:mined":{"minecraft:grass":8,"minecraft:grass_block":1,"minecraft:oak_log":5,"minecraft:dirt":2,"minecraft:tall_grass":5},"minecraft:killed":{"jujutsucraft:cursed_spirit_grade_32":2,"minecraft:sheep":7,"jujutsucraft:cursed_spirit_grade_39":2,"jujutsucraft:cursed_spirit_grade_33":5,"jujutsucraft:cursed_spirit_grade_312":1,"jujutsucraft:cursed_spirit_grade_314":1,"minecraft:pig":4,"jujutsucraft:kukuru":1,"minecraft:chicken":1,"minecraft:llama":2,"jujutsucraft:cursed_spirit_grade_36":5,"jujutsucraft:cursed_spirit_grade_317":4,"jujutsucraft:cursed_spirit_grade_318":6,"jujutsucraft:cursed_spirit_grade_315":9,"jujutsucraft:cursed_spirit_grade_316":1,"jujutsucraft:cursed_spirit_grade_319":2,"jujutsucraft:curse_user":2,"jujutsucraft:q":1,"jujutsucraft:cursed_spirit_grade_321":1,"minecraft:cow":6},"minecraft:picked_up":{"minecraft:wooden_axe":2,"jujutsucraft:clothes_hakari_kinji_leggings":2,"minecraft:crafting_table":4,"minecraft:stick":6,"jujutsucraft:clothes_hakari_kinji_boots":3,"minecraft:feather":23,"minecraft:chicken":33,"minecraft:leather":4,"jujutsucraft:uniform_normal_boots":6,"minecraft:porkchop":24,"minecraft:oak_log":5,"jujutsucraft:uniform_normal_chestplate":6,"jujutsucraft:cursed_spirit_armoury_chestplate":5,"jujutsucraft:bullet_ball":6,"minecraft:dirt":8,"jujutsucraft:uniform_normal_leggings":5,"jujutsucraft:clothes_hakari_kinji_helmet":3,"jujutsucraft:clothes_hakari_kinji_chestplate":5,"jujutsucraft:clothes_fushiguro_toji_leggings":2,"minecraft:wheat_seeds":14,"jujutsucraft:sword_black":6,"minecraft:beef":14,"jujutsucraft:clothes_sukuna_fushiguro_chestplate":10,"minecraft:tall_grass":2,"minecraft:oak_planks":7,"minecraft:mutton":12,"minecraft:white_wool":9},"minecraft:dropped":{"jujutsucraft:clothes_fushiguro_toji_leggings":1,"jujutsucraft:clothes_sukuna_fushiguro_chestplate":7,"minecraft:chicken":1,"jujutsucraft:uniform_normal_chestplate":1,"jujutsucraft:bullet_ball":2}},"DataVersion":3465}