{"stats":{"minecraft:used":{"jujutsucraft:sword_black":4,"jujutsucraft:uniform_normal_boots":1,"jujutsucraft:clothes_hakari_kinji_leggings":1,"jujutsucraft:clothes_hakari_kinji_helmet":1,"jujutsucraft:uniform_normal_leggings":1,"jujutsucraft:uniform_normal_chestplate":1},"minecraft:crafted":{"minecraft:oak_planks":20,"minecraft:crafting_table":1},"minecraft:killed_by":{"jujutsucraft:cursed_spirit_grade_38":1,"jujutsucraft:fushiguro_toji_bug":1,"jujutsucraft:moon_dregs":1,"jujutsucraft:curse_user":1},"minecraft:custom":{"minecraft:time_since_rest":1076,"minecraft:sprint_one_cm":129339,"minecraft:damage_taken":2165,"minecraft:walk_one_cm":104123,"minecraft:mob_kills":43,"minecraft:drop":6,"minecraft:damage_dealt":470,"minecraft:swim_one_cm":676,"minecraft:fly_one_cm":60336,"minecraft:crouch_one_cm":162,"minecraft:play_time":19343,"minecraft:deaths":4,"minecraft:sneak_time":19,"minecraft:walk_under_water_one_cm":2046,"minecraft:jump":250,"minecraft:damage_dealt_resisted":2895,"minecraft:time_since_death":1053,"minecraft:walk_on_water_one_cm":5851,"minecraft:total_world_time":19343,"minecraft:damage_resisted":517,"minecraft:fall_one_cm":3878},"minecraft:mined":{"minecraft:grass":3,"minecraft:oak_log":5,"minecraft:tall_grass":4},"minecraft:killed":{"minecraft:sheep":7,"jujutsucraft:cursed_spirit_grade_39":2,"jujutsucraft:cursed_spirit_grade_33":4,"jujutsucraft:cursed_spirit_grade_314":1,"minecraft:pig":4,"minecraft:chicken":1,"minecraft:llama":2,"jujutsucraft:cursed_spirit_grade_36":2,"jujutsucraft:cursed_spirit_grade_317":2,"jujutsucraft:cursed_spirit_grade_318":6,"jujutsucraft:cursed_spirit_grade_315":4,"jujutsucraft:cursed_spirit_grade_316":1,"jujutsucraft:cursed_spirit_grade_319":2,"jujutsucraft:cursed_spirit_grade_321":1,"minecraft:cow":4},"minecraft:picked_up":{"minecraft:wooden_axe":1,"jujutsucraft:clothes_hakari_kinji_leggings":2,"minecraft:crafting_table":2,"minecraft:stick":4,"jujutsucraft:clothes_hakari_kinji_boots":3,"minecraft:feather":15,"minecraft:chicken":23,"minecraft:leather":2,"jujutsucraft:uniform_normal_boots":5,"minecraft:porkchop":18,"minecraft:oak_log":5,"jujutsucraft:uniform_normal_chestplate":5,"jujutsucraft:cursed_spirit_armoury_chestplate":4,"jujutsucraft:bullet_ball":5,"jujutsucraft:uniform_normal_leggings":4,"jujutsucraft:clothes_hakari_kinji_helmet":3,"jujutsucraft:clothes_hakari_kinji_chestplate":4,"jujutsucraft:clothes_fushiguro_toji_leggings":1,"minecraft:wheat_seeds":9,"jujutsucraft:sword_black":5,"minecraft:beef":8,"jujutsucraft:clothes_sukuna_fushiguro_chestplate":3,"minecraft:tall_grass":2,"minecraft:oak_planks":7,"minecraft:mutton":8,"minecraft:white_wool":6},"minecraft:dropped":{"jujutsucraft:clothes_fushiguro_toji_leggings":1,"jujutsucraft:clothes_sukuna_fushiguro_chestplate":1,"minecraft:chicken":1,"jujutsucraft:uniform_normal_chestplate":1,"jujutsucraft:bullet_ball":2}},"DataVersion":3465}