{"stats":{"minecraft:used":{"jujutsucraft:clothes_zenin_boots":4,"minecraft:black_wool":1,"jujutsucraft:uniform_normal_boots":4,"jujutsucraft:clothes_sukuna_fushiguro_chestplate":1,"minecraft:white_wool":2,"minecraft:mutton":12,"jujutsucraft:uniform_normal_leggings":2,"minecraft:porkchop":1,"minecraft:gray_wool":1},"minecraft:custom":{"minecraft:time_since_rest":273,"minecraft:sprint_one_cm":104876,"minecraft:damage_taken":9960,"minecraft:walk_one_cm":146622,"minecraft:mob_kills":19,"minecraft:drop":3,"minecraft:damage_dealt":537,"minecraft:swim_one_cm":2192,"minecraft:fly_one_cm":153616,"minecraft:player_kills":1,"minecraft:crouch_one_cm":635,"minecraft:play_time":33997,"minecraft:deaths":32,"minecraft:sneak_time":217,"minecraft:walk_under_water_one_cm":6126,"minecraft:jump":458,"minecraft:damage_dealt_resisted":1422,"minecraft:leave_game":1,"minecraft:time_since_death":246,"minecraft:walk_on_water_one_cm":11664,"minecraft:total_world_time":33997,"minecraft:damage_resisted":648,"minecraft:fall_one_cm":18833},"minecraft:killed_by":{"jujutsucraft:zenin_maki":1,"jujutsucraft:cursed_spirit_grade_321":1,"jujutsucraft:yoshino_junpei":1,"jujutsucraft:truck":1,"jujutsucraft:cursed_spirit_grade_36":1,"jujutsucraft:rozetsu_shikigami":1,"minecraft:player":14,"jujutsucraft:cursed_spirit_grade_312":1,"jujutsucraft:moon_dregs":2,"jujutsucraft:uraume":1,"jujutsucraft:dhruv_lakdawalla":1,"jujutsucraft:cursed_spirit_grade_33":1,"jujutsucraft:cursed_spirit_grade_22":5},"minecraft:mined":{"minecraft:crafting_table":1,"minecraft:grass":26,"minecraft:grass_block":1,"minecraft:tall_grass":12},"minecraft:killed":{"minecraft:sheep":10,"jujutsucraft:cursed_spirit_grade_314":1,"minecraft:pig":1,"minecraft:salmon":1,"jujutsucraft:cursed_spirit_grade_35":1,"jujutsucraft:cursed_spirit_grade_315":1,"jujutsucraft:cursed_spirit_grade_38":1,"jujutsucraft:cursed_spirit_grade_316":1,"jujutsucraft:cursed_spirit_grade_319":1},"minecraft:picked_up":{"minecraft:crafting_table":1,"minecraft:feather":4,"minecraft:chicken":1,"jujutsucraft:uniform_normal_boots":1,"minecraft:porkchop":1,"jujutsucraft:clothes_zenin_boots":2,"jujutsucraft:uniform_normal_leggings":2,"minecraft:wheat_seeds":6,"jujutsucraft:clothes_sukuna_fushiguro_chestplate":2,"minecraft:gray_wool":1,"minecraft:black_wool":1,"minecraft:mutton":12,"minecraft:white_wool":8},"minecraft:dropped":{"minecraft:wheat_seeds":3}},"DataVersion":3465}