{"stats":{"minecraft:used":{"jujutsucraft:clothes_zenin_boots":4,"minecraft:black_wool":1,"jujutsucraft:uniform_normal_boots":4,"jujutsucraft:clothes_sukuna_fushiguro_chestplate":1,"minecraft:white_wool":2,"minecraft:mutton":12,"jujutsucraft:uniform_normal_leggings":2,"minecraft:porkchop":1,"minecraft:gray_wool":1},"minecraft:custom":{"minecraft:time_since_rest":186,"minecraft:sprint_one_cm":93119,"minecraft:damage_taken":5557,"minecraft:walk_one_cm":110395,"minecraft:mob_kills":17,"minecraft:drop":3,"minecraft:damage_dealt":471,"minecraft:swim_one_cm":2192,"minecraft:fly_one_cm":111787,"minecraft:crouch_one_cm":593,"minecraft:play_time":24060,"minecraft:deaths":18,"minecraft:sneak_time":91,"minecraft:walk_under_water_one_cm":1734,"minecraft:jump":340,"minecraft:damage_dealt_resisted":1075,"minecraft:time_since_death":160,"minecraft:walk_on_water_one_cm":5862,"minecraft:total_world_time":24060,"minecraft:fall_one_cm":14166},"minecraft:killed_by":{"jujutsucraft:zenin_maki":1,"jujutsucraft:cursed_spirit_grade_321":1,"jujutsucraft:yoshino_junpei":1,"jujutsucraft:truck":1,"jujutsucraft:cursed_spirit_grade_36":1,"jujutsucraft:rozetsu_shikigami":1,"minecraft:player":3,"jujutsucraft:cursed_spirit_grade_312":1,"jujutsucraft:uraume":1,"jujutsucraft:dhruv_lakdawalla":1,"jujutsucraft:cursed_spirit_grade_33":1,"jujutsucraft:cursed_spirit_grade_22":5},"minecraft:mined":{"minecraft:crafting_table":1,"minecraft:grass":24,"minecraft:grass_block":1,"minecraft:tall_grass":12},"minecraft:killed":{"minecraft:sheep":10,"jujutsucraft:cursed_spirit_grade_314":1,"minecraft:pig":1,"minecraft:salmon":1,"jujutsucraft:cursed_spirit_grade_35":1,"jujutsucraft:cursed_spirit_grade_315":1,"jujutsucraft:cursed_spirit_grade_38":1,"jujutsucraft:cursed_spirit_grade_316":1},"minecraft:picked_up":{"minecraft:crafting_table":1,"jujutsucraft:uniform_normal_boots":1,"minecraft:porkchop":1,"jujutsucraft:clothes_zenin_boots":2,"jujutsucraft:uniform_normal_leggings":2,"minecraft:wheat_seeds":5,"jujutsucraft:clothes_sukuna_fushiguro_chestplate":2,"minecraft:gray_wool":1,"minecraft:black_wool":1,"minecraft:mutton":12,"minecraft:white_wool":8},"minecraft:dropped":{"minecraft:wheat_seeds":3}},"DataVersion":3465}