{"stats":{"minecraft:used":{"jujutsucraft:clothes_zenin_boots":4,"minecraft:black_wool":1,"jujutsucraft:uniform_normal_boots":4,"jujutsucraft:clothes_sukuna_fushiguro_chestplate":1,"minecraft:mutton":3,"jujutsucraft:uniform_normal_leggings":2,"minecraft:porkchop":1,"minecraft:gray_wool":1},"minecraft:custom":{"minecraft:time_since_rest":7021,"minecraft:sprint_one_cm":53887,"minecraft:damage_taken":1098,"minecraft:walk_one_cm":65070,"minecraft:mob_kills":12,"minecraft:drop":3,"minecraft:damage_dealt":191,"minecraft:swim_one_cm":2192,"minecraft:fly_one_cm":37885,"minecraft:crouch_one_cm":508,"minecraft:play_time":12060,"minecraft:deaths":3,"minecraft:sneak_time":81,"minecraft:walk_under_water_one_cm":1734,"minecraft:jump":139,"minecraft:damage_dealt_resisted":5,"minecraft:time_since_death":6990,"minecraft:walk_on_water_one_cm":1982,"minecraft:total_world_time":12060,"minecraft:fall_one_cm":4233},"minecraft:killed_by":{"jujutsucraft:zenin_maki":1,"jujutsucraft:yoshino_junpei":1,"minecraft:player":1},"minecraft:mined":{"minecraft:crafting_table":1,"minecraft:grass":16,"minecraft:grass_block":1,"minecraft:tall_grass":5},"minecraft:killed":{"minecraft:sheep":10,"minecraft:pig":1,"minecraft:salmon":1},"minecraft:picked_up":{"minecraft:crafting_table":1,"jujutsucraft:uniform_normal_boots":1,"minecraft:porkchop":1,"jujutsucraft:clothes_zenin_boots":2,"jujutsucraft:uniform_normal_leggings":2,"minecraft:wheat_seeds":3,"jujutsucraft:clothes_sukuna_fushiguro_chestplate":2,"minecraft:gray_wool":1,"minecraft:black_wool":1,"minecraft:mutton":12,"minecraft:white_wool":8},"minecraft:dropped":{"minecraft:wheat_seeds":3}},"DataVersion":3465}