{"stats":{"minecraft:used":{"jujutsucraft:sword_black":1,"minecraft:dirt":1,"jujutsucraft:uniform_normal_leggings":2,"minecraft:white_banner":1,"jujutsucraft:hair_fushiguro_megumi_helmet":3},"minecraft:killed_by":{"jujutsucraft:higuruma_hiromi":1,"jujutsucraft:great_serpent":2,"minecraft:player":11,"jujutsucraft:cursed_spirit_grade_16":1},"minecraft:custom":{"minecraft:time_since_rest":156,"minecraft:play_time":14980,"minecraft:crouch_one_cm":2200,"minecraft:sprint_one_cm":19144,"minecraft:walk_one_cm":72818,"minecraft:damage_taken":4507,"minecraft:deaths":16,"minecraft:sneak_time":227,"minecraft:mob_kills":8,"minecraft:drop":1,"minecraft:damage_dealt_resisted":442,"minecraft:jump":126,"minecraft:leave_game":1,"minecraft:walk_on_water_one_cm":115,"minecraft:time_since_death":112,"minecraft:total_world_time":14980,"minecraft:player_kills":1,"minecraft:fall_one_cm":8123,"minecraft:fly_one_cm":37353},"minecraft:mined":{"minecraft:grass":1,"minecraft:grass_block":1,"minecraft:dirt":1},"minecraft:killed":{"jujutsucraft:rabbit_escape":8},"minecraft:picked_up":{"jujutsucraft:hair_fushiguro_megumi_helmet":4,"jujutsucraft:uniform_normal_leggings":4,"jujutsucraft:sword_black":6,"jujutsucraft:cursed_technique_changer":1,"minecraft:dirt":2,"minecraft:white_banner":2},"minecraft:dropped":{"minecraft:dirt":1}},"DataVersion":3465}