{"stats":{"minecraft:used":{"minecraft:dirt":1,"jujutsucraft:uniform_normal_leggings":1,"jujutsucraft:hair_fushiguro_megumi_helmet":1},"minecraft:killed_by":{"jujutsucraft:higuruma_hiromi":1,"minecraft:player":1,"jujutsucraft:cursed_spirit_grade_16":1},"minecraft:custom":{"minecraft:time_since_rest":1160,"minecraft:play_time":3354,"minecraft:crouch_one_cm":197,"minecraft:sprint_one_cm":5164,"minecraft:walk_one_cm":13229,"minecraft:damage_taken":980,"minecraft:deaths":3,"minecraft:sneak_time":32,"minecraft:drop":1,"minecraft:jump":25,"minecraft:time_since_death":1074,"minecraft:total_world_time":3354,"minecraft:fall_one_cm":1860,"minecraft:fly_one_cm":8956},"minecraft:mined":{"minecraft:grass_block":1,"minecraft:dirt":1},"minecraft:picked_up":{"jujutsucraft:hair_fushiguro_megumi_helmet":1,"jujutsucraft:uniform_normal_leggings":2,"jujutsucraft:cursed_technique_changer":1,"minecraft:dirt":2},"minecraft:dropped":{"minecraft:dirt":1}},"DataVersion":3465}