{"stats":{"minecraft:used":{"minecraft:diorite":19,"minecraft:stone_pickaxe":131,"minecraft:oak_planks":32,"minecraft:wooden_pickaxe":77,"minecraft:torch":8,"minecraft:dirt":28,"minecraft:crafting_table":3,"jujutsucraft:clothes_fushiguro_toji_leggings":5,"minecraft:granite":1,"jujutsucraft:uniform_normal_chestplate":4,"minecraft:oak_log":3,"jujutsucraft:clothes_zenin_boots":2,"minecraft:wooden_axe":1,"jujutsucraft:clothes_sukuna_fushiguro_chestplate":5,"minecraft:stone_axe":2,"minecraft:cobblestone":1,"jujutsucraft:uniform_normal_leggings":4,"minecraft:egg":1},"minecraft:crafted":{"minecraft:oak_planks":64,"minecraft:crafting_table":3,"minecraft:wooden_pickaxe":2,"minecraft:stone_axe":2,"minecraft:stick":24,"minecraft:stone_pickaxe":1,"minecraft:wooden_axe":1,"minecraft:acacia_planks":20,"minecraft:torch":16},"minecraft:custom":{"minecraft:mob_kills":7,"minecraft:interact_with_crafting_table":6,"minecraft:damage_dealt_resisted":1030,"minecraft:time_since_death":101,"minecraft:damage_resisted":60,"minecraft:time_since_rest":129,"minecraft:sprint_one_cm":73676,"minecraft:damage_taken":7274,"minecraft:walk_one_cm":141644,"minecraft:drop":3,"minecraft:damage_dealt":113,"minecraft:fly_one_cm":163877,"minecraft:crouch_one_cm":74,"minecraft:play_time":39581,"minecraft:deaths":23,"minecraft:sneak_time":74,"minecraft:walk_under_water_one_cm":81,"minecraft:jump":698,"minecraft:walk_on_water_one_cm":1496,"minecraft:total_world_time":39581,"minecraft:fall_one_cm":22259},"minecraft:killed_by":{"jujutsucraft:cursed_spirit_grade_214":1,"jujutsucraft:cursed_spirit_grade_25":1,"jujutsucraft:cursed_spirit_grade_36":1,"jujutsucraft:cursed_spirit_grade_312":1,"jujutsucraft:moon_dregs":6,"jujutsucraft:dhruv_lakdawalla":2,"jujutsucraft:cursed_spirit_grade_33":1,"jujutsucraft:curse_user_1":3,"jujutsucraft:cursed_spirit_grade_317":2,"jujutsucraft:fushiguro_toji_bug":1,"jujutsucraft:curse_user":1},"minecraft:broken":{"minecraft:stone_pickaxe":1,"minecraft:wooden_pickaxe":1},"minecraft:mined":{"minecraft:crafting_table":1,"minecraft:granite":15,"minecraft:acacia_log":5,"minecraft:grass_block":7,"minecraft:tall_grass":2,"minecraft:oak_planks":4,"minecraft:diorite":19,"minecraft:grass":12,"minecraft:oak_log":21,"minecraft:coal_ore":31,"minecraft:dirt":25,"minecraft:stone":130,"minecraft:oak_leaves":18},"minecraft:killed":{"jujutsucraft:cursed_spirit_grade_32":1,"jujutsucraft:cursed_spirit_grade_33":2,"jujutsucraft:cursed_spirit_grade_36":1,"jujutsucraft:cursed_spirit_grade_317":1,"jujutsucraft:cursed_spirit_grade_34":1,"jujutsucraft:cursed_spirit_grade_322":1},"minecraft:picked_up":{"minecraft:crafting_table":1,"minecraft:feather":8,"minecraft:chicken":4,"minecraft:wooden_pickaxe":1,"minecraft:oak_log":27,"jujutsucraft:clothes_zenin_boots":3,"jujutsucraft:bullet_ball":2,"minecraft:dirt":31,"jujutsucraft:uniform_normal_leggings":3,"minecraft:oak_planks":11,"minecraft:egg":1,"jujutsucraft:clothes_hakari_kinji_leggings":1,"minecraft:stick":4,"jujutsucraft:item_insect":2,"minecraft:acacia_log":5,"minecraft:porkchop":4,"jujutsucraft:uniform_normal_chestplate":2,"minecraft:diorite":19,"minecraft:grass_block":1,"jujutsucraft:clothes_fushiguro_toji_leggings":2,"minecraft:granite":15,"jujutsucraft:clothes_sukuna_fushiguro_chestplate":4,"minecraft:oak_sapling":2,"minecraft:coal":31,"minecraft:cobblestone":130},"minecraft:dropped":{"minecraft:feather":2,"jujutsucraft:clothes_hakari_kinji_leggings":1}},"DataVersion":3465}