{"stats":{"minecraft:used":{"jujutsucraft:clothes_zenin_boots":2,"minecraft:oak_log":2,"minecraft:wooden_axe":1,"minecraft:oak_planks":32,"jujutsucraft:clothes_sukuna_fushiguro_chestplate":5,"minecraft:crafting_table":1,"jujutsucraft:uniform_normal_leggings":4,"jujutsucraft:clothes_fushiguro_toji_leggings":5,"minecraft:egg":1,"jujutsucraft:uniform_normal_chestplate":4},"minecraft:crafted":{"minecraft:oak_planks":48,"minecraft:crafting_table":1,"minecraft:stick":4,"minecraft:wooden_axe":1},"minecraft:killed_by":{"jujutsucraft:cursed_spirit_grade_317":2,"jujutsucraft:fushiguro_toji_bug":1,"jujutsucraft:moon_dregs":1,"jujutsucraft:curse_user":1,"jujutsucraft:cursed_spirit_grade_33":1,"jujutsucraft:cursed_spirit_grade_214":1},"minecraft:custom":{"minecraft:time_since_rest":331,"minecraft:sprint_one_cm":37144,"minecraft:damage_taken":2890,"minecraft:walk_one_cm":74508,"minecraft:mob_kills":2,"minecraft:drop":3,"minecraft:damage_dealt":45,"minecraft:interact_with_crafting_table":1,"minecraft:fly_one_cm":65636,"minecraft:crouch_one_cm":74,"minecraft:play_time":15581,"minecraft:deaths":9,"minecraft:sneak_time":72,"minecraft:walk_under_water_one_cm":81,"minecraft:jump":282,"minecraft:damage_dealt_resisted":297,"minecraft:time_since_death":304,"minecraft:walk_on_water_one_cm":1496,"minecraft:total_world_time":15581,"minecraft:fall_one_cm":8393},"minecraft:mined":{"minecraft:crafting_table":1,"minecraft:grass":4,"minecraft:grass_block":1,"minecraft:oak_log":14,"minecraft:oak_planks":4},"minecraft:killed":{"jujutsucraft:cursed_spirit_grade_317":1,"jujutsucraft:cursed_spirit_grade_34":1},"minecraft:picked_up":{"jujutsucraft:clothes_hakari_kinji_leggings":1,"minecraft:crafting_table":1,"minecraft:feather":8,"minecraft:chicken":4,"jujutsucraft:item_insect":2,"minecraft:porkchop":4,"minecraft:oak_log":14,"jujutsucraft:uniform_normal_chestplate":2,"jujutsucraft:clothes_zenin_boots":3,"jujutsucraft:bullet_ball":2,"minecraft:dirt":1,"jujutsucraft:uniform_normal_leggings":3,"jujutsucraft:clothes_fushiguro_toji_leggings":2,"jujutsucraft:clothes_sukuna_fushiguro_chestplate":4,"minecraft:oak_planks":4,"minecraft:egg":1},"minecraft:dropped":{"minecraft:feather":2,"jujutsucraft:clothes_hakari_kinji_leggings":1}},"DataVersion":3465}