{"stats":{"minecraft:used":{"minecraft:diorite":19,"minecraft:stone_pickaxe":131,"minecraft:oak_planks":35,"minecraft:wooden_pickaxe":77,"jujutsucraft:uniform_normal_boots":2,"minecraft:salmon":1,"minecraft:torch":13,"minecraft:dirt":35,"minecraft:mutton":2,"jujutsucraft:uniform_gojo_boots":2,"minecraft:crafting_table":4,"jujutsucraft:clothes_fushiguro_toji_leggings":7,"minecraft:granite":1,"jujutsucraft:uniform_normal_chestplate":4,"minecraft:oak_log":3,"jujutsucraft:clothes_zenin_boots":2,"minecraft:wooden_axe":1,"jujutsucraft:clothes_sukuna_fushiguro_chestplate":7,"minecraft:stone_axe":7,"minecraft:white_banner":1,"minecraft:cobblestone":53,"minecraft:beef":6,"jujutsucraft:uniform_normal_leggings":4,"minecraft:porkchop":4,"minecraft:egg":2,"minecraft:acacia_planks":1},"minecraft:crafted":{"minecraft:oak_planks":76,"minecraft:crafting_table":4,"minecraft:wooden_pickaxe":2,"minecraft:oak_wood":3,"minecraft:stone_axe":2,"minecraft:stick":28,"minecraft:stone_pickaxe":1,"minecraft:wooden_axe":2,"minecraft:acacia_planks":20,"minecraft:torch":16},"minecraft:custom":{"minecraft:mob_kills":67,"minecraft:interact_with_crafting_table":7,"minecraft:damage_dealt_resisted":18899,"minecraft:time_since_death":1338,"minecraft:damage_resisted":6131,"minecraft:time_since_rest":1364,"minecraft:sprint_one_cm":312005,"minecraft:damage_taken":19495,"minecraft:walk_one_cm":463207,"minecraft:drop":22,"minecraft:damage_dealt":1474,"minecraft:swim_one_cm":6911,"minecraft:player_kills":12,"minecraft:fly_one_cm":727028,"minecraft:crouch_one_cm":1089,"minecraft:play_time":111581,"minecraft:deaths":58,"minecraft:sneak_time":708,"minecraft:walk_under_water_one_cm":5711,"minecraft:jump":2319,"minecraft:walk_on_water_one_cm":14097,"minecraft:total_world_time":111581,"minecraft:fall_one_cm":96100},"minecraft:killed_by":{"jujutsucraft:cursed_spirit_grade_214":1,"jujutsucraft:cursed_spirit_grade_25":1,"jujutsucraft:cursed_spirit_grade_36":1,"jujutsucraft:cursed_spirit_grade_38":1,"minecraft:player":2,"jujutsucraft:cursed_spirit_grade_16":1,"jujutsucraft:cursed_spirit_grade_312":1,"jujutsucraft:cursed_spirit_grade_11":1,"jujutsucraft:charles_bernard":1,"jujutsucraft:uraume":1,"jujutsucraft:moon_dregs":15,"jujutsucraft:dhruv_lakdawalla":4,"jujutsucraft:cursed_spirit_grade_33":1,"jujutsucraft:nanako":1,"jujutsucraft:cursed_spirit_grade_22":6,"jujutsucraft:cursed_spirit_grade_215":1,"jujutsucraft:curse_user_1":3,"jujutsucraft:yoshino_junpei":1,"jujutsucraft:cursed_spirit_grade_317":2,"jujutsucraft:cursed_spirit_grade_315":1,"jujutsucraft:fushiguro_toji_bug":1,"jujutsucraft:cursed_spirit_grade_29":2,"jujutsucraft:curse_user":4},"minecraft:broken":{"minecraft:stone_pickaxe":1,"minecraft:wooden_pickaxe":1},"minecraft:mined":{"minecraft:crafting_table":1,"minecraft:granite":15,"minecraft:acacia_log":5,"minecraft:grass_block":15,"minecraft:tall_grass":8,"minecraft:oak_planks":4,"minecraft:diorite":19,"minecraft:grass":22,"minecraft:oak_log":27,"minecraft:coal_ore":31,"minecraft:dirt":43,"minecraft:stone":130,"minecraft:oak_leaves":23},"minecraft:killed":{"jujutsucraft:mimiko":1,"jujutsucraft:cursed_spirit_grade_32":2,"jujutsucraft:cursed_spirit_grade_31":2,"jujutsucraft:cursed_spirit_grade_33":2,"minecraft:pig":2,"jujutsucraft:cursed_spirit_grade_11":1,"jujutsucraft:jujutsu_sorcerer":1,"jujutsucraft:cursed_spirit_grade_24":1,"minecraft:salmon":1,"jujutsucraft:yoshino_junpei":1,"jujutsucraft:cursed_spirit_grade_318":1,"jujutsucraft:cursed_spirit_grade_316":2,"jujutsucraft:cursed_spirit_grade_321":3,"minecraft:sheep":1,"jujutsucraft:cursed_spirit_grade_39":6,"minecraft:pillager":2,"jujutsucraft:shigemo_haruta":1,"jujutsucraft:cursed_spirit_grade_313":1,"jujutsucraft:cursed_spirit_grade_314":5,"jujutsucraft:cursed_spirit_grade_311":1,"jujutsucraft:negi_toshihisa":1,"jujutsucraft:cursed_spirit_grade_36":1,"jujutsucraft:moon_dregs":1,"jujutsucraft:cursed_spirit_grade_214":1,"jujutsucraft:cursed_spirit_grade_38":2,"jujutsucraft:cursed_spirit_grade_317":1,"jujutsucraft:cursed_spirit_grade_315":2,"jujutsucraft:cursed_spirit_grade_34":3,"jujutsucraft:cursed_spirit_grade_319":3,"jujutsucraft:cursed_spirit_grade_322":6,"minecraft:cow":3,"jujutsucraft:q":2},"minecraft:picked_up":{"minecraft:crafting_table":1,"minecraft:feather":8,"jujutsucraft:uniform_gojo_boots":2,"minecraft:chicken":4,"minecraft:salmon":1,"minecraft:leather":4,"jujutsucraft:uniform_normal_boots":4,"minecraft:wooden_pickaxe":1,"minecraft:oak_log":32,"minecraft:white_banner":1,"jujutsucraft:clothes_zenin_boots":6,"jujutsucraft:bullet_ball":5,"minecraft:dirt":69,"jujutsucraft:uniform_normal_leggings":6,"minecraft:acacia_planks":30,"minecraft:wheat_seeds":5,"minecraft:beef":9,"minecraft:oak_planks":11,"minecraft:egg":2,"jujutsucraft:clothes_hakari_kinji_leggings":1,"minecraft:stick":11,"jujutsucraft:item_insect":2,"minecraft:torch":46,"minecraft:acacia_log":5,"minecraft:porkchop":9,"jujutsucraft:uniform_normal_chestplate":2,"minecraft:diorite":19,"minecraft:grass_block":1,"jujutsucraft:clothes_fushiguro_toji_leggings":4,"minecraft:shears":2,"minecraft:stone_axe":6,"minecraft:crossbow":2,"minecraft:granite":71,"minecraft:grass":1,"jujutsucraft:clothes_sukuna_fushiguro_chestplate":7,"minecraft:oak_sapling":2,"minecraft:mutton":2,"minecraft:coal":193,"minecraft:white_wool":1,"minecraft:cobblestone":655},"minecraft:dropped":{"jujutsucraft:uniform_gojo_boots":1,"minecraft:wheat_seeds":3,"jujutsucraft:uniform_normal_leggings":3,"minecraft:crossbow":1,"jujutsucraft:clothes_sukuna_fushiguro_chestplate":2,"minecraft:feather":2,"minecraft:cobblestone":1,"jujutsucraft:clothes_hakari_kinji_leggings":1,"minecraft:shears":1,"minecraft:grass":1,"jujutsucraft:clothes_zenin_boots":3,"jujutsucraft:uniform_normal_boots":3}},"DataVersion":3465}