{"stats":{"minecraft:used":{"minecraft:oak_log":1,"jujutsucraft:clothes_zenin_boots":2,"jujutsucraft:uniform_normal_leggings":4,"jujutsucraft:clothes_fushiguro_toji_leggings":4,"jujutsucraft:clothes_sukuna_fushiguro_chestplate":3,"jujutsucraft:uniform_normal_chestplate":4},"minecraft:killed_by":{"jujutsucraft:fushiguro_toji_bug":1},"minecraft:custom":{"minecraft:time_since_rest":1282,"minecraft:crouch_one_cm":25,"minecraft:walk_one_cm":21707,"minecraft:play_time":3581,"minecraft:sprint_one_cm":11844,"minecraft:damage_taken":596,"minecraft:deaths":1,"minecraft:sneak_time":20,"minecraft:drop":1,"minecraft:damage_dealt_resisted":1,"minecraft:jump":69,"minecraft:damage_dealt":16,"minecraft:time_since_death":1252,"minecraft:total_world_time":3581,"minecraft:fall_one_cm":2739,"minecraft:fly_one_cm":23601},"minecraft:mined":{"minecraft:grass":1,"minecraft:oak_log":1},"minecraft:picked_up":{"jujutsucraft:clothes_hakari_kinji_leggings":1,"minecraft:chicken":1,"jujutsucraft:clothes_fushiguro_toji_leggings":1,"jujutsucraft:item_insect":1,"minecraft:porkchop":2,"jujutsucraft:clothes_sukuna_fushiguro_chestplate":1,"minecraft:oak_log":1,"jujutsucraft:uniform_normal_chestplate":1,"jujutsucraft:clothes_zenin_boots":1,"jujutsucraft:uniform_normal_leggings":1},"minecraft:dropped":{"jujutsucraft:clothes_hakari_kinji_leggings":1}},"DataVersion":3465}