{"stats":{"minecraft:used":{"jujutsucraft:clothes_zenin_boots":2,"minecraft:oak_log":3,"minecraft:wooden_axe":1,"minecraft:oak_planks":32,"minecraft:wooden_pickaxe":18,"jujutsucraft:clothes_sukuna_fushiguro_chestplate":5,"minecraft:stone_axe":1,"minecraft:dirt":10,"minecraft:crafting_table":2,"jujutsucraft:uniform_normal_leggings":4,"jujutsucraft:clothes_fushiguro_toji_leggings":5,"minecraft:egg":1,"jujutsucraft:uniform_normal_chestplate":4},"minecraft:crafted":{"minecraft:oak_planks":64,"minecraft:crafting_table":3,"minecraft:stick":8,"minecraft:wooden_pickaxe":1,"minecraft:wooden_axe":1,"minecraft:acacia_planks":20,"minecraft:stone_axe":1},"minecraft:killed_by":{"jujutsucraft:curse_user_1":3,"jujutsucraft:cursed_spirit_grade_36":1,"jujutsucraft:cursed_spirit_grade_312":1,"jujutsucraft:cursed_spirit_grade_317":2,"jujutsucraft:fushiguro_toji_bug":1,"jujutsucraft:dhruv_lakdawalla":2,"jujutsucraft:moon_dregs":6,"jujutsucraft:curse_user":1,"jujutsucraft:cursed_spirit_grade_33":1,"jujutsucraft:cursed_spirit_grade_25":1,"jujutsucraft:cursed_spirit_grade_214":1},"minecraft:custom":{"minecraft:time_since_rest":1452,"minecraft:sprint_one_cm":71942,"minecraft:damage_taken":7034,"minecraft:walk_one_cm":123890,"minecraft:mob_kills":7,"minecraft:drop":3,"minecraft:damage_dealt":113,"minecraft:interact_with_crafting_table":3,"minecraft:fly_one_cm":157130,"minecraft:crouch_one_cm":74,"minecraft:play_time":27581,"minecraft:deaths":22,"minecraft:sneak_time":74,"minecraft:walk_under_water_one_cm":81,"minecraft:jump":508,"minecraft:damage_dealt_resisted":1030,"minecraft:time_since_death":1419,"minecraft:walk_on_water_one_cm":1496,"minecraft:total_world_time":27581,"minecraft:fall_one_cm":18600},"minecraft:mined":{"minecraft:crafting_table":1,"minecraft:grass":12,"minecraft:acacia_log":5,"minecraft:grass_block":4,"minecraft:oak_log":21,"minecraft:dirt":10,"minecraft:tall_grass":2,"minecraft:stone":5,"minecraft:oak_planks":4,"minecraft:oak_leaves":18},"minecraft:killed":{"jujutsucraft:cursed_spirit_grade_32":1,"jujutsucraft:cursed_spirit_grade_33":2,"jujutsucraft:cursed_spirit_grade_36":1,"jujutsucraft:cursed_spirit_grade_317":1,"jujutsucraft:cursed_spirit_grade_34":1,"jujutsucraft:cursed_spirit_grade_322":1},"minecraft:picked_up":{"jujutsucraft:clothes_hakari_kinji_leggings":1,"minecraft:stick":4,"minecraft:crafting_table":1,"minecraft:feather":8,"minecraft:chicken":4,"jujutsucraft:item_insect":2,"minecraft:acacia_log":5,"minecraft:wooden_pickaxe":1,"minecraft:porkchop":4,"minecraft:oak_log":27,"jujutsucraft:uniform_normal_chestplate":2,"minecraft:grass_block":1,"jujutsucraft:clothes_zenin_boots":3,"jujutsucraft:bullet_ball":2,"minecraft:dirt":13,"jujutsucraft:uniform_normal_leggings":3,"jujutsucraft:clothes_fushiguro_toji_leggings":2,"jujutsucraft:clothes_sukuna_fushiguro_chestplate":4,"minecraft:oak_sapling":2,"minecraft:oak_planks":11,"minecraft:cobblestone":7,"minecraft:egg":1},"minecraft:dropped":{"minecraft:feather":2,"jujutsucraft:clothes_hakari_kinji_leggings":1}},"DataVersion":3465}