{"stats":{"minecraft:used":{"minecraft:torch":13,"minecraft:dirt":35,"minecraft:mutton":2,"jujutsucraft:clothes_fushiguro_toji_leggings":7,"minecraft:granite":1,"jujutsucraft:clothes_zenin_boots":2,"minecraft:wooden_axe":1,"jujutsucraft:hair_fushiguro_megumi_helmet":2,"jujutsucraft:clothes_sukuna_fushiguro_chestplate":7,"minecraft:beef":6,"minecraft:egg":2,"minecraft:acacia_planks":1,"minecraft:diorite":19,"minecraft:stone_pickaxe":131,"minecraft:oak_planks":35,"minecraft:wooden_pickaxe":77,"jujutsucraft:uniform_normal_boots":2,"minecraft:salmon":1,"jujutsucraft:uniform_gojo_boots":2,"minecraft:crafting_table":4,"jujutsucraft:uniform_normal_chestplate":4,"minecraft:oak_log":3,"minecraft:stone_axe":7,"minecraft:cobblestone":53,"jujutsucraft:uniform_normal_leggings":6,"minecraft:white_banner":1,"minecraft:porkchop":4},"minecraft:crafted":{"minecraft:oak_planks":76,"minecraft:stone_pickaxe":1,"minecraft:crafting_table":4,"minecraft:wooden_pickaxe":2,"minecraft:oak_wood":3,"minecraft:stone_axe":2,"minecraft:stick":28,"minecraft:wooden_axe":2,"minecraft:acacia_planks":20,"minecraft:torch":16},"minecraft:broken":{"minecraft:wooden_pickaxe":1,"minecraft:stone_pickaxe":1},"minecraft:custom":{"minecraft:mob_kills":113,"minecraft:interact_with_crafting_table":7,"minecraft:damage_dealt_resisted":27251,"minecraft:leave_game":1,"minecraft:time_since_death":8454,"minecraft:damage_resisted":9465,"minecraft:sprint_one_cm":415902,"minecraft:walk_one_cm":554367,"minecraft:drop":37,"minecraft:play_time":134419,"minecraft:deaths":67,"minecraft:sneak_time":708,"minecraft:walk_under_water_one_cm":5711,"minecraft:jump":2933,"minecraft:walk_on_water_one_cm":14822,"minecraft:total_world_time":134419,"minecraft:time_since_rest":8502,"minecraft:damage_taken":23635,"minecraft:damage_dealt":2670,"minecraft:swim_one_cm":6911,"minecraft:fly_one_cm":933493,"minecraft:player_kills":20,"minecraft:crouch_one_cm":1089,"minecraft:fall_one_cm":119905},"minecraft:killed_by":{"jujutsucraft:cursed_spirit_grade_25":2,"jujutsucraft:cursed_spirit_grade_214":1,"jujutsucraft:cursed_spirit_grade_36":1,"jujutsucraft:cursed_spirit_grade_38":1,"minecraft:player":3,"jujutsucraft:cursed_spirit_grade_16":3,"jujutsucraft:cursed_spirit_grade_312":1,"jujutsucraft:cursed_spirit_grade_11":1,"jujutsucraft:charles_bernard":1,"jujutsucraft:cursed_spirit_grade_33":1,"jujutsucraft:nanako":1,"jujutsucraft:nue":1,"jujutsucraft:cursed_spirit_grade_22":6,"jujutsucraft:cursed_spirit_grade_215":1,"jujutsucraft:curse_user_1":3,"jujutsucraft:yoshino_junpei":1,"jujutsucraft:cursed_spirit_grade_315":1,"jujutsucraft:fushiguro_toji_bug":1,"jujutsucraft:curse_user":4,"jujutsucraft:higuruma_hiromi":3,"jujutsucraft:uraume":1,"jujutsucraft:moon_dregs":15,"jujutsucraft:dhruv_lakdawalla":4,"jujutsucraft:cursed_spirit_grade_317":2,"jujutsucraft:cursed_spirit_grade_29":2},"minecraft:mined":{"minecraft:granite":15,"minecraft:acacia_log":5,"minecraft:grass_block":15,"minecraft:stone":130,"minecraft:crafting_table":1,"minecraft:tall_grass":10,"minecraft:oak_planks":4,"minecraft:diorite":19,"minecraft:grass":23,"minecraft:coal_ore":31,"minecraft:oak_log":27,"minecraft:dirt":44,"minecraft:oak_leaves":23},"minecraft:killed":{"jujutsucraft:mimiko":1,"jujutsucraft:cursed_spirit_grade_32":3,"jujutsucraft:cursed_spirit_grade_33":2,"jujutsucraft:cursed_spirit_grade_31":2,"jujutsucraft:cursed_spirit_grade_11":1,"jujutsucraft:cursed_spirit_grade_24":1,"jujutsucraft:cursed_spirit_grade_35":1,"jujutsucraft:yoshino_junpei":1,"jujutsucraft:cursed_spirit_grade_318":1,"jujutsucraft:cursed_spirit_grade_316":2,"jujutsucraft:cursed_spirit_grade_39":6,"jujutsucraft:shigemo_haruta":1,"jujutsucraft:cursed_spirit_grade_312":1,"jujutsucraft:cursed_spirit_grade_313":1,"jujutsucraft:cursed_spirit_grade_215":1,"jujutsucraft:divine_dog_black":1,"jujutsucraft:toad":1,"jujutsucraft:rabbit_escape":29,"jujutsucraft:cursed_spirit_grade_214":1,"jujutsucraft:cursed_spirit_grade_317":5,"jujutsucraft:cursed_spirit_grade_38":2,"jujutsucraft:cursed_spirit_grade_34":3,"minecraft:pig":2,"jujutsucraft:jujutsu_sorcerer":1,"minecraft:salmon":1,"minecraft:bat":2,"jujutsucraft:cursed_spirit_grade_321":4,"minecraft:sheep":1,"minecraft:pillager":2,"jujutsucraft:cursed_spirit_grade_314":5,"jujutsucraft:cursed_spirit_grade_311":1,"jujutsucraft:negi_toshihisa":1,"jujutsucraft:cursed_spirit_grade_36":1,"jujutsucraft:moon_dregs":1,"jujutsucraft:cursed_spirit_grade_315":3,"jujutsucraft:cursed_spirit_grade_319":4,"jujutsucraft:cursed_spirit_grade_322":6,"jujutsucraft:q":2,"minecraft:cow":3},"minecraft:picked_up":{"minecraft:crafting_table":1,"minecraft:chicken":4,"jujutsucraft:uniform_normal_boots":5,"minecraft:wooden_pickaxe":1,"jujutsucraft:cursed_technique_changer":1,"jujutsucraft:clothes_zenin_boots":6,"jujutsucraft:sword_black":4,"minecraft:beef":9,"minecraft:egg":2,"jujutsucraft:hair_fushiguro_megumi_helmet":2,"minecraft:stick":11,"minecraft:acacia_log":5,"minecraft:torch":46,"minecraft:porkchop":9,"minecraft:diorite":19,"jujutsucraft:clothes_fushiguro_toji_leggings":4,"minecraft:shears":5,"minecraft:mutton":2,"minecraft:white_wool":1,"minecraft:cobblestone":655,"minecraft:feather":8,"jujutsucraft:uniform_gojo_boots":2,"minecraft:salmon":1,"minecraft:leather":4,"minecraft:oak_log":32,"jujutsucraft:bullet_ball":5,"minecraft:dirt":69,"minecraft:white_banner":1,"jujutsucraft:uniform_normal_leggings":9,"minecraft:acacia_planks":30,"minecraft:wheat_seeds":7,"minecraft:tall_grass":1,"minecraft:oak_planks":11,"jujutsucraft:clothes_hakari_kinji_leggings":1,"jujutsucraft:item_insect":3,"jujutsucraft:uniform_normal_chestplate":4,"minecraft:grass_block":1,"minecraft:stone_axe":6,"minecraft:granite":71,"minecraft:crossbow":4,"minecraft:grass":1,"jujutsucraft:clothes_sukuna_fushiguro_chestplate":7,"minecraft:oak_sapling":2,"minecraft:coal":193},"minecraft:dropped":{"minecraft:wheat_seeds":5,"minecraft:crossbow":2,"minecraft:feather":2,"minecraft:cobblestone":1,"jujutsucraft:sword_black":3,"jujutsucraft:clothes_hakari_kinji_leggings":1,"jujutsucraft:hair_fushiguro_megumi_helmet":2,"minecraft:grass":1,"jujutsucraft:uniform_gojo_boots":1,"jujutsucraft:uniform_normal_leggings":6,"jujutsucraft:cursed_technique_changer":1,"jujutsucraft:clothes_sukuna_fushiguro_chestplate":2,"minecraft:tall_grass":1,"minecraft:shears":1,"jujutsucraft:uniform_normal_chestplate":1,"jujutsucraft:clothes_zenin_boots":3,"jujutsucraft:uniform_normal_boots":4}},"DataVersion":3465}