{"stats":{"minecraft:used":{"minecraft:diorite":19,"minecraft:stone_pickaxe":131,"minecraft:oak_planks":32,"minecraft:wooden_pickaxe":77,"jujutsucraft:uniform_normal_boots":2,"minecraft:salmon":1,"minecraft:torch":13,"minecraft:dirt":35,"minecraft:mutton":2,"minecraft:crafting_table":4,"jujutsucraft:clothes_fushiguro_toji_leggings":7,"minecraft:granite":1,"jujutsucraft:uniform_normal_chestplate":4,"minecraft:oak_log":3,"jujutsucraft:clothes_zenin_boots":2,"minecraft:wooden_axe":1,"jujutsucraft:clothes_sukuna_fushiguro_chestplate":7,"minecraft:stone_axe":7,"minecraft:cobblestone":53,"jujutsucraft:uniform_normal_leggings":4,"minecraft:porkchop":2,"minecraft:egg":1,"minecraft:acacia_planks":1},"minecraft:crafted":{"minecraft:oak_planks":76,"minecraft:crafting_table":4,"minecraft:wooden_pickaxe":2,"minecraft:oak_wood":3,"minecraft:stone_axe":2,"minecraft:stick":28,"minecraft:stone_pickaxe":1,"minecraft:wooden_axe":2,"minecraft:acacia_planks":20,"minecraft:torch":16},"minecraft:custom":{"minecraft:mob_kills":15,"minecraft:interact_with_crafting_table":7,"minecraft:damage_dealt_resisted":1650,"minecraft:time_since_death":8484,"minecraft:damage_resisted":637,"minecraft:time_since_rest":8509,"minecraft:sprint_one_cm":139679,"minecraft:damage_taken":9580,"minecraft:walk_one_cm":232222,"minecraft:drop":15,"minecraft:damage_dealt":189,"minecraft:swim_one_cm":6911,"minecraft:player_kills":1,"minecraft:fly_one_cm":309576,"minecraft:crouch_one_cm":354,"minecraft:play_time":63581,"minecraft:deaths":30,"minecraft:sneak_time":482,"minecraft:walk_under_water_one_cm":1576,"minecraft:jump":1280,"minecraft:walk_on_water_one_cm":7099,"minecraft:total_world_time":63581,"minecraft:fall_one_cm":43611},"minecraft:killed_by":{"jujutsucraft:cursed_spirit_grade_214":1,"jujutsucraft:cursed_spirit_grade_25":1,"jujutsucraft:cursed_spirit_grade_36":1,"jujutsucraft:cursed_spirit_grade_38":1,"jujutsucraft:cursed_spirit_grade_312":1,"jujutsucraft:moon_dregs":10,"jujutsucraft:dhruv_lakdawalla":2,"jujutsucraft:cursed_spirit_grade_33":1,"jujutsucraft:nanako":1,"jujutsucraft:curse_user_1":3,"jujutsucraft:cursed_spirit_grade_317":2,"jujutsucraft:cursed_spirit_grade_315":1,"jujutsucraft:fushiguro_toji_bug":1,"jujutsucraft:curse_user":1},"minecraft:broken":{"minecraft:stone_pickaxe":1,"minecraft:wooden_pickaxe":1},"minecraft:mined":{"minecraft:crafting_table":1,"minecraft:granite":15,"minecraft:acacia_log":5,"minecraft:grass_block":15,"minecraft:tall_grass":2,"minecraft:oak_planks":4,"minecraft:diorite":19,"minecraft:grass":16,"minecraft:oak_log":27,"minecraft:coal_ore":31,"minecraft:dirt":43,"minecraft:stone":130,"minecraft:oak_leaves":23},"minecraft:killed":{"jujutsucraft:cursed_spirit_grade_32":1,"jujutsucraft:cursed_spirit_grade_33":2,"minecraft:salmon":1,"minecraft:sheep":1,"jujutsucraft:cursed_spirit_grade_39":2,"jujutsucraft:cursed_spirit_grade_36":1,"jujutsucraft:cursed_spirit_grade_317":1,"jujutsucraft:cursed_spirit_grade_34":1,"jujutsucraft:cursed_spirit_grade_322":1,"minecraft:cow":1,"jujutsucraft:q":1},"minecraft:picked_up":{"minecraft:crafting_table":1,"minecraft:feather":8,"minecraft:chicken":4,"minecraft:salmon":1,"minecraft:leather":2,"jujutsucraft:uniform_normal_boots":4,"minecraft:wooden_pickaxe":1,"minecraft:oak_log":32,"jujutsucraft:clothes_zenin_boots":6,"jujutsucraft:bullet_ball":2,"minecraft:dirt":69,"jujutsucraft:uniform_normal_leggings":6,"minecraft:acacia_planks":30,"minecraft:beef":3,"minecraft:oak_planks":11,"minecraft:egg":1,"jujutsucraft:clothes_hakari_kinji_leggings":1,"minecraft:stick":11,"jujutsucraft:item_insect":2,"minecraft:torch":46,"minecraft:acacia_log":5,"minecraft:porkchop":7,"jujutsucraft:uniform_normal_chestplate":2,"minecraft:diorite":19,"minecraft:grass_block":1,"jujutsucraft:clothes_fushiguro_toji_leggings":4,"minecraft:stone_axe":6,"minecraft:granite":71,"jujutsucraft:clothes_sukuna_fushiguro_chestplate":7,"minecraft:oak_sapling":2,"minecraft:mutton":2,"minecraft:coal":193,"minecraft:white_wool":1,"minecraft:cobblestone":655},"minecraft:dropped":{"jujutsucraft:uniform_normal_leggings":3,"jujutsucraft:clothes_sukuna_fushiguro_chestplate":2,"minecraft:feather":2,"minecraft:cobblestone":1,"jujutsucraft:clothes_hakari_kinji_leggings":1,"jujutsucraft:clothes_zenin_boots":3,"jujutsucraft:uniform_normal_boots":3}},"DataVersion":3465}