{
  "jujutsucraft:jujutsu_craft_skills": {
    "criteria": {
      "jujutsu_craft_skills_0": "2024-09-02 19:13:32 +0000"
    },
    "done": true
  },
  "jujutsucraft:skill_divine_dog_totality": {
    "criteria": {
      "skill_divine_dog_totality_0": "2024-09-02 19:13:32 +0000"
    },
    "done": true
  },
  "minecraft:recipes/decorations/crafting_table": {
    "criteria": {
      "unlock_right_away": "2024-09-02 19:13:32 +0000"
    },
    "done": true
  },
  "jujutsucraft:skill_merged_beast_agito": {
    "criteria": {
      "skill_merged_beast_agito_0": "2024-09-02 19:13:32 +0000"
    },
    "done": true
  },
  "jujutsucraft:battle_advancements": {
    "criteria": {
      "battle_advancements_0": "2024-09-02 19:13:32 +0000"
    },
    "done": true
  },
  "jujutsucraft:start_jujutsu_craft": {
    "criteria": {
      "start_jujutsu_craft_0": "2024-09-02 19:13:32 +0000"
    },
    "done": true
  },
  "minecraft:adventure/adventuring_time": {
    "criteria": {
      "minecraft:birch_forest": "2024-09-02 19:24:06 +0000",
      "minecraft:windswept_hills": "2024-09-02 19:25:06 +0000",
      "minecraft:river": "2024-09-02 19:20:04 +0000",
      "minecraft:dripstone_caves": "2024-09-02 20:29:27 +0000",
      "minecraft:forest": "2024-09-02 19:22:56 +0000",
      "minecraft:windswept_forest": "2024-09-02 19:24:34 +0000",
      "minecraft:savanna": "2024-09-02 19:19:42 +0000",
      "minecraft:plains": "2024-09-02 19:13:33 +0000"
    },
    "done": false
  },
  "jujutsucraft:advancement_insect": {
    "criteria": {
      "advancement_insect_0": "2024-09-02 19:13:55 +0000"
    },
    "done": true
  },
  "jujutsucraft:mastery_domain_expansion": {
    "criteria": {
      "mastery_domain_expansion_0": "2024-09-02 19:14:27 +0000"
    },
    "done": true
  },
  "minecraft:adventure/root": {
    "criteria": {
      "killed_something": "2024-09-02 19:15:03 +0000"
    },
    "done": true
  },
  "minecraft:recipes/food/cooked_porkchop": {
    "criteria": {
      "has_porkchop": "2024-09-02 19:15:05 +0000"
    },
    "done": true
  },
  "minecraft:recipes/food/cooked_porkchop_from_campfire_cooking": {
    "criteria": {
      "has_porkchop": "2024-09-02 19:15:05 +0000"
    },
    "done": true
  },
  "minecraft:recipes/food/cooked_porkchop_from_smoking": {
    "criteria": {
      "has_porkchop": "2024-09-02 19:15:05 +0000"
    },
    "done": true
  },
  "jujutsucraft:fame_4": {
    "criteria": {
      "fame_4_0": "2024-09-02 19:15:11 +0000"
    },
    "done": true
  },
  "jujutsucraft:black_flash": {
    "criteria": {
      "black_flash_0": "2024-09-02 19:15:36 +0000"
    },
    "done": true
  },
  "jujutsucraft:fame_3": {
    "criteria": {
      "fame_3_0": "2024-09-02 19:15:36 +0000"
    },
    "done": true
  },
  "jujutsucraft:sorcerer_grade_4": {
    "criteria": {
      "sorcerer_grade_4_0": "2024-09-02 19:15:43 +0000"
    },
    "done": true
  },
  "minecraft:recipes/transportation/mangrove_boat": {
    "criteria": {
      "in_water": "2024-09-02 19:17:26 +0000"
    },
    "done": true
  },
  "minecraft:recipes/transportation/acacia_boat": {
    "criteria": {
      "in_water": "2024-09-02 19:17:26 +0000"
    },
    "done": true
  },
  "minecraft:recipes/transportation/cherry_boat": {
    "criteria": {
      "in_water": "2024-09-02 19:17:26 +0000"
    },
    "done": true
  },
  "minecraft:recipes/transportation/bamboo_raft": {
    "criteria": {
      "in_water": "2024-09-02 19:17:26 +0000"
    },
    "done": true
  },
  "minecraft:recipes/transportation/spruce_boat": {
    "criteria": {
      "in_water": "2024-09-02 19:17:26 +0000"
    },
    "done": true
  },
  "minecraft:recipes/transportation/birch_boat": {
    "criteria": {
      "in_water": "2024-09-02 19:17:26 +0000"
    },
    "done": true
  },
  "minecraft:recipes/transportation/oak_boat": {
    "criteria": {
      "in_water": "2024-09-02 19:17:26 +0000"
    },
    "done": true
  },
  "minecraft:recipes/transportation/jungle_boat": {
    "criteria": {
      "in_water": "2024-09-02 19:17:26 +0000"
    },
    "done": true
  },
  "minecraft:recipes/transportation/dark_oak_boat": {
    "criteria": {
      "in_water": "2024-09-02 19:17:26 +0000"
    },
    "done": true
  },
  "minecraft:recipes/decorations/chest": {
    "criteria": {
      "has_lots_of_items": "2024-09-02 19:17:37 +0000"
    },
    "done": true
  },
  "minecraft:recipes/food/cooked_chicken_from_campfire_cooking": {
    "criteria": {
      "has_chicken": "2024-09-02 19:18:30 +0000"
    },
    "done": true
  },
  "minecraft:recipes/food/cooked_chicken": {
    "criteria": {
      "has_chicken": "2024-09-02 19:18:30 +0000"
    },
    "done": true
  },
  "minecraft:recipes/food/cooked_chicken_from_smoking": {
    "criteria": {
      "has_chicken": "2024-09-02 19:18:30 +0000"
    },
    "done": true
  },
  "minecraft:recipes/combat/arrow": {
    "criteria": {
      "has_feather": "2024-09-02 19:18:30 +0000"
    },
    "done": true
  },
  "minecraft:recipes/misc/charcoal": {
    "criteria": {
      "has_log": "2024-09-02 19:23:16 +0000"
    },
    "done": true
  },
  "minecraft:recipes/building_blocks/oak_planks": {
    "criteria": {
      "has_logs": "2024-09-02 19:23:16 +0000"
    },
    "done": true
  },
  "minecraft:recipes/building_blocks/oak_wood": {
    "criteria": {
      "has_log": "2024-09-02 19:23:16 +0000"
    },
    "done": true
  },
  "minecraft:story/root": {
    "criteria": {
      "crafting_table": "2024-09-02 19:23:41 +0000"
    },
    "done": true
  },
  "minecraft:recipes/building_blocks/oak_slab": {
    "criteria": {
      "has_planks": "2024-09-02 19:23:43 +0000"
    },
    "done": true
  },
  "minecraft:recipes/decorations/oak_sign": {
    "criteria": {
      "has_planks": "2024-09-02 19:23:43 +0000"
    },
    "done": true
  },
  "minecraft:recipes/redstone/oak_trapdoor": {
    "criteria": {
      "has_planks": "2024-09-02 19:23:43 +0000"
    },
    "done": true
  },
  "minecraft:recipes/redstone/oak_fence_gate": {
    "criteria": {
      "has_planks": "2024-09-02 19:23:43 +0000"
    },
    "done": true
  },
  "minecraft:recipes/redstone/oak_pressure_plate": {
    "criteria": {
      "has_planks": "2024-09-02 19:23:43 +0000"
    },
    "done": true
  },
  "minecraft:recipes/redstone/oak_door": {
    "criteria": {
      "has_planks": "2024-09-02 19:23:43 +0000"
    },
    "done": true
  },
  "minecraft:recipes/misc/stick": {
    "criteria": {
      "has_planks": "2024-09-02 19:23:43 +0000"
    },
    "done": true
  },
  "minecraft:recipes/building_blocks/oak_stairs": {
    "criteria": {
      "has_planks": "2024-09-02 19:23:43 +0000"
    },
    "done": true
  },
  "minecraft:recipes/decorations/oak_fence": {
    "criteria": {
      "has_planks": "2024-09-02 19:23:43 +0000"
    },
    "done": true
  },
  "minecraft:recipes/decorations/barrel": {
    "criteria": {
      "has_planks": "2024-09-02 19:23:43 +0000"
    },
    "done": true
  },
  "minecraft:recipes/redstone/oak_button": {
    "criteria": {
      "has_planks": "2024-09-02 19:23:43 +0000"
    },
    "done": true
  },
  "minecraft:recipes/food/cooked_mutton_from_smoking": {
    "criteria": {
      "has_mutton": "2024-09-02 19:24:20 +0000"
    },
    "done": true
  },
  "minecraft:recipes/food/cooked_mutton": {
    "criteria": {
      "has_mutton": "2024-09-02 19:24:20 +0000"
    },
    "done": true
  },
  "minecraft:recipes/decorations/white_banner": {
    "criteria": {
      "has_white_wool": "2024-09-02 19:24:20 +0000"
    },
    "done": true
  },
  "minecraft:recipes/decorations/painting": {
    "criteria": {
      "has_wool": "2024-09-02 19:24:20 +0000"
    },
    "done": true
  },
  "minecraft:recipes/food/cooked_mutton_from_campfire_cooking": {
    "criteria": {
      "has_mutton": "2024-09-02 19:24:20 +0000"
    },
    "done": true
  },
  "minecraft:recipes/decorations/white_bed": {
    "criteria": {
      "has_white_wool": "2024-09-02 19:24:20 +0000"
    },
    "done": true
  },
  "minecraft:recipes/decorations/white_carpet": {
    "criteria": {
      "has_white_wool": "2024-09-02 19:24:20 +0000"
    },
    "done": true
  },
  "minecraft:recipes/food/cooked_beef_from_smoking": {
    "criteria": {
      "has_beef": "2024-09-02 19:24:49 +0000"
    },
    "done": true
  },
  "minecraft:recipes/food/cooked_beef": {
    "criteria": {
      "has_beef": "2024-09-02 19:24:49 +0000"
    },
    "done": true
  },
  "minecraft:recipes/food/cooked_beef_from_campfire_cooking": {
    "criteria": {
      "has_beef": "2024-09-02 19:24:49 +0000"
    },
    "done": true
  },
  "minecraft:recipes/combat/leather_helmet": {
    "criteria": {
      "has_leather": "2024-09-02 19:26:27 +0000"
    },
    "done": true
  },
  "minecraft:recipes/combat/leather_leggings": {
    "criteria": {
      "has_leather": "2024-09-02 19:26:27 +0000"
    },
    "done": true
  },
  "minecraft:recipes/decorations/item_frame": {
    "criteria": {
      "has_leather": "2024-09-02 19:26:27 +0000"
    },
    "done": true
  },
  "minecraft:recipes/combat/leather_chestplate": {
    "criteria": {
      "has_leather": "2024-09-02 19:26:27 +0000"
    },
    "done": true
  },
  "minecraft:recipes/combat/leather_boots": {
    "criteria": {
      "has_leather": "2024-09-02 19:26:27 +0000"
    },
    "done": true
  },
  "minecraft:recipes/misc/leather_horse_armor": {
    "criteria": {
      "has_leather": "2024-09-02 19:26:27 +0000"
    },
    "done": true
  },
  "jujutsucraft:reverse_cursed_technique_1": {
    "criteria": {
      "reverse_cursed_technique_1_0": "2024-09-02 19:28:40 +0000"
    },
    "done": true
  },
  "minecraft:recipes/decorations/ladder": {
    "criteria": {
      "has_stick": "2024-09-02 19:28:44 +0000"
    },
    "done": true
  },
  "minecraft:recipes/decorations/campfire": {
    "criteria": {
      "has_stick": "2024-09-02 19:28:44 +0000"
    },
    "done": true
  },
  "minecraft:recipes/tools/wooden_hoe": {
    "criteria": {
      "has_stick": "2024-09-02 19:28:44 +0000"
    },
    "done": true
  },
  "minecraft:recipes/tools/wooden_pickaxe": {
    "criteria": {
      "has_stick": "2024-09-02 19:28:44 +0000"
    },
    "done": true
  },
  "minecraft:recipes/tools/wooden_axe": {
    "criteria": {
      "has_stick": "2024-09-02 19:28:44 +0000"
    },
    "done": true
  },
  "minecraft:recipes/tools/wooden_shovel": {
    "criteria": {
      "has_stick": "2024-09-02 19:28:44 +0000"
    },
    "done": true
  },
  "minecraft:recipes/combat/wooden_sword": {
    "criteria": {
      "has_stick": "2024-09-02 19:28:44 +0000"
    },
    "done": true
  },
  "jujutsucraft:battle_mimiko_nanako": {
    "criteria": {
      "battle_mimiko_nanako_0": "2024-09-02 20:02:51 +0000"
    },
    "done": true
  },
  "jujutsucraft:mastery_simple_domain": {
    "criteria": {
      "mastery_simple_domain_0": "2024-09-02 20:10:11 +0000"
    },
    "done": true
  },
  "jujutsucraft:sorcerer_grade_3": {
    "criteria": {
      "sorcerer_grade_3_0": "2024-09-02 20:11:47 +0000"
    },
    "done": true
  },
  "jujutsucraft:fame_2": {
    "criteria": {
      "fame_2_0": "2024-09-02 20:19:56 +0000"
    },
    "done": true
  },
  "jujutsucraft:mastery_domain_amplification": {
    "criteria": {
      "mastery_domain_amplification_0": "2024-09-02 20:24:29 +0000"
    },
    "done": true
  },
  "jujutsucraft:update": {
    "criteria": {
      "update_0": "2024-09-02 20:57:36 +0000"
    },
    "done": true
  },
  "jujutsucraft:battle_haruta_shigemo": {
    "criteria": {
      "battle_haruta_shigemo_0": "2024-09-02 20:42:51 +0000"
    },
    "done": true
  },
  "jujutsucraft:battle_toshihisa_negi": {
    "criteria": {
      "battle_toshihisa_negi_0": "2024-09-02 20:39:30 +0000"
    },
    "done": true
  },
  "jujutsucraft:junpei_yoshino": {
    "criteria": {
      "junpei_yoshino_0": "2024-09-02 20:40:47 +0000"
    },
    "done": true
  },
  "DataVersion": 3465
}